Empresa Original,Empresa Normalizada
Alpina,ALPINA
Asociación de Copropietarios de la Urbanización Aldea de Guayabal,ASOCIACIÓN DE COPROPIETARIOS DE LA URBANIZACIÓN ALDEA DE GUAYABAL
BANCOLOMBIA,BANCOLOMBIA
CENTRO COMERCIAL PUNTO CLAVE,CENTRO COMERCIAL PUNTO CLAVE
Centro cívico de Antioquia Plaza de la Libertad PH.,CENTRO CÍVICO DE ANTIOQUIA PLAZA DE LA LIBERTAD PH.
Clínica Cardio VID,CLÍNICA CARDIO VID
Clínica Soma,CLÍNICA SOMA
COMFAMA,COMFAMA
Cooperativa Multiactiva de la Plaza de Flórez,COOPERATIVA MULTIACTIVA DE LA PLAZA DE FLÓREZ
Corporación de Fomento Asistencial del Hospital Universitario San Vicente de Paúl/Fomenthum Zona P,CORPORACIÓN DE FOMENTO ASISTENCIAL DEL HOSPITAL UNIVERSITARIO SAN VICENTE DE PAÚL/FOMENTHUM ZONA P
Cámara de Comercio de Medellín para Antioquía,CÁMARA DE COMERCIO DE MEDELLÍN PARA ANTIOQUÍA
Ejercito (Batallón de infanteria # 32) (invitados),EJERCITO (BATALLÓN DE INFANTERIA # 32) (INVITADOS)
EMI,EMI
EPS SANITAS,EPS SANITAS
ESU,ESU
Facultad Nacional de Salud Pública- UdeA,FACULTAD NACIONAL DE SALUD PÚBLICA- UDEA
Forjas Bolívar S.A.S,FORJAS BOLÍVAR S.A.S
Fundación colombiana de Cancerología clínica vida,FUNDACIÓN COLOMBIANA DE CANCEROLOGÍA CLÍNICA VIDA
HOGAR SAN CRISTOBAL,HOGAR SAN CRISTOBAL
HOMECENTER,HOMECENTER
Hospital General,HOSPITAL GENERAL
Institución Universitaria Colegio Mayor de Antioquia,INSTITUCIÓN UNIVERSITARIA COLEGIO MAYOR DE ANTIOQUIA
Institución Universitaria ITM,INSTITUCIÓN UNIVERSITARIA ITM
ITM,ITM
La Migueria,LA MIGUERIA
Lotería de Medellín,LOTERÍA DE MEDELLÍN
Matelsa,MATELSA
MONTERREY,MONTERREY
Personería Distritaltal de Medellín,PERSONERÍA DISTRITALTAL DE MEDELLÍN
Placita de Flórez,PLACITA DE FLÓREZ
POLICIA,POLICIA
POLITECNICO JAIME ISAZA CADAVIDA,POLITECNICO JAIME ISAZA CADAVIDA
RENTING COLOMBIA,RENTING COLOMBIA
SEGURIDAD DE COLOMBIA ANTIOQUÍA LTDA,SEGURIDAD DE COLOMBIA ANTIOQUÍA LTDA
Tecnológico de Antioquia I.U.,TECNOLÓGICO DE ANTIOQUIA I.U.
TUYOMOTOR,TUYOMOTOR
ÉXITO,ÉXITO
